id,Label,timeset,group,country,year,season,start,end,lat,lng,notes,indegree,outdegree,Degree,weighted indegree,weighted outdegree,Weighted Degree,Eccentricity,closnesscentrality,harmonicclosnesscentrality,betweenesscentrality,Authority,Hub,modularity_class,pageranks,componentnumber,strongcompnum,clustering,eigencentrality,triangles
0,Arsenal FC,,premier-league,England,2000,wintertransfers,2000-01-01,2020-06-01,0,0,,57,57,114,1047651881,693591531,1741243412,4,0.485714,0.544118,645.097555,0.078869,0.102051,1,0.002317,0,1,0.350847,0.57641,621
2,Derby County,,premier-league,England,2000,wintertransfers,2000-01-01,2020-06-01,0,0,,13,23,36,29307174,123650180,152957354,4,0.40255,0.447587,83.866601,0.012182,0.020299,0,0.001362,0,1,0.406667,0.140043,122
3,VfL Wolfsburg,,1-bundesliga,Germany,2000,wintertransfers,2000-01-01,2020-06-01,0,0,,68,51,119,444179208,382892466,827071674,4,0.487859,0.543741,1312.619479,0.072928,0.06141,2,0.002405,0,1,0.296081,0.384454,408
4,RC Lens,,ligue-1,France,2000,wintertransfers,2000-01-01,2020-06-01,0,0,,22,50,72,79795919,214323162,294119081,4,0.472222,0.531674,312.222051,0.026131,0.058414,4,0.001939,0,1,0.374359,0.301593,292
5,Everton FC,,premier-league,England,2000,wintertransfers,2000-01-01,2020-06-01,0,0,,60,42,102,742415463,574169165,1316584628,4,0.464286,0.5181,654.41126,0.081505,0.064386,0,0.002116,0,1,0.37632,0.469175,499
8,Liverpool FC,,premier-league,England,2000,wintertransfers,2000-01-01,2020-06-01,0,0,,81,72,153,1389953801,976725517,2366679318,4,0.498871,0.570513,1758.055506,0.121926,0.109323,1,0.002947,0,1,0.310883,0.646227,817
9,West Ham United,,premier-league,England,2000,wintertransfers,2000-01-01,2020-06-01,0,0,,69,49,118,602843330,441119597,1043962927,4,0.470213,0.520362,956.622469,0.085899,0.083425,0,0.002268,0,1,0.316562,0.524816,453
10,FC Barcelona,,laliga,Spain,2000,wintertransfers,2000-01-01,2020-06-01,0,0,,61,58,119,1685158829,988336796,2673495625,4,0.493304,0.547134,491.066703,0.125299,0.111338,1,0.001813,0,1,0.421927,0.625955,381
11,Tottenham Hotspur,,premier-league,England,2000,wintertransfers,2000-01-01,2020-06-01,0,0,,80,73,153,961321720,787554903,1748876623,4,0.504566,0.569759,1130.854879,0.098586,0.099878,0,0.002567,0,1,0.333626,0.61713,760
12,Southampton FC,,premier-league,England,2000,wintertransfers,2000-01-01,2020-06-01,0,0,,33,35,68,349115254,521152138,870267392,4,0.430799,0.475113,182.409991,0.047879,0.058902,1,0.001773,0,1,0.410976,0.356268,337
13,Manchester City,,premier-league,England,2000,wintertransfers,2000-01-01,2020-06-01,0,0,,85,58,143,1829498211,546997015,2376495226,4,0.497748,0.562217,1431.567929,0.134454,0.108113,1,0.002763,0,1,0.324407,0.69833,739
14,Leeds United,,premier-league,England,2000,wintertransfers,2000-01-01,2020-06-01,0,0,,8,36,44,137819570,260616959,398436529,4,0.436759,0.484917,131.894074,0.013312,0.050801,0,0.001296,0,1,0.478261,0.220052,121
15,Newcastle United,,premier-league,England,2000,wintertransfers,2000-01-01,2020-06-01,0,0,,63,52,115,556775188,511423644,1068198832,4,0.472222,0.534314,816.266617,0.075753,0.079902,0,0.002651,0,1,0.298255,0.492686,564
18,Sunderland AFC,,premier-league,England,2000,wintertransfers,2000-01-01,2020-06-01,0,0,,65,41,106,424793424,229330196,654123620,4,0.457557,0.512066,640.535733,0.08134,0.054088,0,0.002137,0,1,0.377551,0.432044,444
20,Charlton Athletic,,premier-league,England,2000,wintertransfers,2000-01-01,2020-06-01,0,0,,20,23,43,70835355,103149766,173985121,4,0.417769,0.464555,52.191751,0.025279,0.030517,0,0.001322,0,1,0.581538,0.18662,189
22,Bolton Wanderers,,premier-league,England,2000,wintertransfers,2000-01-01,2020-06-01,0,0,,25,16,41,84089823,83341598,167431421,4,0.391844,0.430995,159.464503,0.024657,0.020576,0,0.001445,0,1,0.45584,0.189302,160
23,Blackpool FC,,premier-league,England,2000,wintertransfers,2000-01-01,2020-06-01,0,0,,2,4,6,3272791,16983580,20256371,5,0.347484,0.374208,1.918055,0.000873,0.004529,1,0.000785,0,1,0.666667,0.024995,10
24,Blackburn Rovers,,premier-league,England,2000,wintertransfers,2000-01-01,2020-06-01,0,0,,28,29,57,104780587,204046093,308826680,4,0.417769,0.465309,377.859088,0.028818,0.03316,0,0.001688,0,1,0.409091,0.215705,216
27,FC Metz,,ligue-1,France,2000,wintertransfers,2000-01-01,2020-06-01,0,0,,6,20,26,16695829,63799999,80495828,4,0.431641,0.473228,50.375042,0.006646,0.021364,4,0.001191,0,1,0.426316,0.116322,81
28,Cardiff City,,premier-league,Wales,2000,wintertransfers,2000-01-01,2020-06-01,0,0,,10,17,27,68016966,80089181,148106147,4,0.417769,0.458899,58.174352,0.01079,0.017281,0,0.001231,0,1,0.390476,0.107568,82
29,Aston Villa,,premier-league,England,2000,wintertransfers,2000-01-01,2020-06-01,0,0,,62,44,106,452589513,341180585,793770098,4,0.45102,0.499623,578.498242,0.074296,0.062847,0,0.002258,0,1,0.355102,0.435395,435
31,Chelsea FC,,premier-league,England,2000,wintertransfers,2000-01-01,2020-06-01,0,0,,77,67,144,1852931244,946607221,2799538465,4,0.5,0.567119,1425.093985,0.124062,0.117253,1,0.002596,0,1,0.33035,0.663199,775
33,Deportivo de La Coruña,,laliga,Spain,2000,wintertransfers,2000-01-01,2020-06-01,0,0,,28,26,54,167442662,237936135,405378797,4,0.45102,0.495098,509.921408,0.032193,0.038865,1,0.002351,0,1,0.291667,0.21872,154
34,Manchester United,,premier-league,England,2000,wintertransfers,2000-01-01,2020-06-01,0,0,,48,54,102,1435767371,688899962,2124667333,4,0.479393,0.537707,762.59522,0.066782,0.080593,0,0.002044,0,1,0.358844,0.459661,422
36,Middlesbrough FC,,premier-league,England,2000,wintertransfers,2000-01-01,2020-06-01,0,0,,38,36,74,265531895,213522822,479054717,4,0.45567,0.509804,477.450382,0.055357,0.041823,0,0.002164,0,1,0.323129,0.332184,380
37,Bradford City,,premier-league,England,2000,wintertransfers,2000-01-01,2020-06-01,0,0,,3,3,6,8599213,6386597,14985810,5,0.341577,0.36644,0.389125,0.00271,0.003469,0,0.000731,0,1,0.5,0.024505,5
38,Ipswich Town,,premier-league,England,2000,wintertransfers,2000-01-01,2020-06-01,0,0,,6,16,22,25575417,79303229,104878646,5,0.381693,0.420211,20.632297,0.006803,0.017453,0,0.001055,0,1,0.491667,0.098051,59
41,Coventry City,,premier-league,England,2000,wintertransfers,2000-01-01,2020-06-01,0,0,,3,18,21,23045365,95368661,118414026,4,0.413084,0.454374,11.782587,0.003173,0.024001,0,0.000974,0,1,0.637363,0.093471,58
42,Leicester City,,premier-league,England,2000,wintertransfers,2000-01-01,2020-06-01,0,0,,36,19,55,375398027,301026412,676424439,4,0.415414,0.458899,575.028556,0.041717,0.022823,0,0.002386,0,1,0.314103,0.227052,245
43,Norwich City,,premier-league,England,2000,wintertransfers,2000-01-01,2020-06-01,0,0,,26,20,46,79489116,166700589,246189705,4,0.398198,0.446833,224.392665,0.025179,0.015332,0,0.001653,0,1,0.41129,0.155112,204
46,Real Zaragoza,,laliga,Spain,2000,wintertransfers,2000-01-01,2020-06-01,0,0,,18,27,45,57919958,189775645,247695603,5,0.420952,0.4681,268.698463,0.032309,0.042963,1,0.001619,0,1,0.320106,0.187428,121
47,Juventus FC,,serie-a,Italy,2000,wintertransfers,2000-01-01,2020-06-01,0,0,,115,112,227,1790993561,1225453489,3016447050,4,0.503417,0.578431,2189.331849,0.315083,0.298777,3,0.00275,0,1,0.328218,1,770
48,RCD Mallorca,,laliga,Spain,2000,wintertransfers,2000-01-01,2020-06-01,0,0,,15,29,44,36987631,210558387,247546018,4,0.462343,0.508673,196.87991,0.025747,0.037875,1,0.001541,0,1,0.314943,0.194887,137
49,CA Osasuna,,laliga,Spain,2000,wintertransfers,2000-01-01,2020-06-01,0,0,,18,21,39,28223161,86386872,114610033,4,0.433333,0.472474,219.566598,0.020352,0.027607,1,0.001755,0,1,0.314815,0.147593,119
50,Real Valladolid CF,,laliga,Spain,2000,wintertransfers,2000-01-01,2020-06-01,0,0,,12,15,27,15304278,51066261,66370539,4,0.415414,0.452489,157.344871,0.004875,0.019061,1,0.001684,0,1,0.363158,0.086633,69
51,Rayo Vallecano,,laliga,Spain,2000,wintertransfers,2000-01-01,2020-06-01,0,0,,8,12,20,9968692,58706960,68675652,4,0.388401,0.425716,84.832044,0.002798,0.009349,1,0.001715,0,1,0.30719,0.050159,47
52,Real Madrid,,laliga,Spain,2000,wintertransfers,2000-01-01,2020-06-01,0,0,,71,66,137,1872739850,1102412330,2975152180,4,0.494407,0.553167,794.94924,0.129659,0.140073,1,0.002188,0,1,0.387841,0.62391,555
53,UD Las Palmas,,laliga,Spain,2000,wintertransfers,2000-01-01,2020-06-01,0,0,,4,12,16,7064752,41449592,48514344,4,0.390459,0.428356,52.592547,0.00225,0.012248,1,0.001109,0,1,0.373626,0.061052,34
54,Athletic Bilbao,,laliga,Spain,2000,wintertransfers,2000-01-01,2020-06-01,0,0,,20,7,27,126111437,251561426,377672863,4,0.393939,0.422323,32.146974,0.015421,0.012054,1,0.001187,0,1,0.464052,0.107747,71
55,Racing Santander,,laliga,Spain,2000,wintertransfers,2000-01-01,2020-06-01,0,0,,11,19,30,19366166,89695948,109062114,4,0.416196,0.457014,293.397395,0.00637,0.027454,1,0.001571,0,1,0.3083,0.129195,78
56,Real Sociedad,,laliga,Spain,2000,wintertransfers,2000-01-01,2020-06-01,0,0,,22,18,40,154298650,238192394,392491044,4,0.423372,0.463047,128.465062,0.03957,0.025075,1,0.001576,0,1,0.393548,0.193179,183
59,RCD Espanyol Barcelona,,laliga,Spain,2000,wintertransfers,2000-01-01,2020-06-01,0,0,,38,34,72,114339140,237082833,351421973,4,0.454733,0.50641,628.311423,0.03946,0.055962,1,0.002337,0,1,0.326638,0.273952,309
61,Celta de Vigo,,laliga,Spain,2000,wintertransfers,2000-01-01,2020-06-01,0,0,,19,29,48,96309971,210100822,306410793,4,0.448276,0.496229,272.318893,0.022939,0.047585,1,0.00191,0,1,0.380682,0.210963,201
62,Valencia CF,,laliga,Spain,2000,wintertransfers,2000-01-01,2020-06-01,0,0,,64,57,121,637300896,764977372,1402278268,4,0.482533,0.546003,1350.106878,0.100093,0.10442,1,0.002856,0,1,0.314754,0.537203,576
63,Villarreal CF,,laliga,Spain,2000,wintertransfers,2000-01-01,2020-06-01,0,0,,54,34,88,402091642,375510093,777601735,4,0.444668,0.493213,528.269764,0.071208,0.071993,1,0.00247,0,1,0.314716,0.385767,355
65,Málaga CF,,laliga,Spain,2000,wintertransfers,2000-01-01,2020-06-01,0,0,,23,38,61,87737658,248500437,336238095,4,0.464286,0.515083,242.036785,0.036763,0.053063,1,0.001759,0,1,0.403175,0.262262,254
66,Deportivo Alavés,,laliga,Spain,2000,wintertransfers,2000-01-01,2020-06-01,0,0,,12,14,26,28184101,72231281,100415382,5,0.38704,0.421719,75.991395,0.01903,0.009768,3,0.001242,0,1,0.398693,0.097276,61
67,CD Numancia,,laliga,Spain,2000,wintertransfers,2000-01-01,2020-06-01,0,0,,2,5,7,963118,5357414,6320532,5,0.347484,0.372851,8.616713,0.001662,0.001804,1,0.000927,0,1,0.47619,0.015053,10
68,Real Oviedo,,laliga,Spain,2000,wintertransfers,2000-01-01,2020-06-01,0,0,,0,1,1,0,396546,396546,5,0.311798,0.326276,0,0,0.000647,1,0.000629,0,23,0,0.00317,0
69,Borussia Dortmund,,1-bundesliga,Germany,2000,wintertransfers,2000-01-01,2020-06-01,0,0,,56,61,117,595083462,793889639,1388973101,4,0.479393,0.546757,988.638913,0.061531,0.07203,2,0.002421,0,1,0.326345,0.415335,467
74,Bayer 04 Leverkusen,,1-bundesliga,Germany,2000,wintertransfers,2000-01-01,2020-06-01,0,0,,50,58,108,309908249,448197437,758105686,4,0.473233,0.532428,1071.811914,0.041999,0.08127,2,0.002042,0,1,0.386892,0.375892,366
77,Bayern Munich,,1-bundesliga,Germany,2000,wintertransfers,2000-01-01,2020-06-01,0,0,,53,50,103,912377284,449876968,1362254252,4,0.479393,0.53356,1067.526848,0.084951,0.082736,2,0.001959,0,1,0.361702,0.428918,408
78,TSV 1860 Munich,,1-bundesliga,Germany,2000,wintertransfers,2000-01-01,2020-06-01,0,0,,4,25,29,5519881,43526256,49046137,4,0.403285,0.449472,276.548167,0.003784,0.020774,2,0.001417,0,1,0.532164,0.099036,91
79,1.FC Kaiserslautern,,1-bundesliga,Germany,2000,wintertransfers,2000-01-01,2020-06-01,0,0,,18,21,39,16217479,47340595,63558074,4,0.401818,0.443062,183.087406,0.018465,0.015856,2,0.001537,0,1,0.406154,0.135991,132
80,AJ Auxerre,,ligue-1,France,2000,wintertransfers,2000-01-01,2020-06-01,0,0,,20,33,53,42891075,160900661,203791736,4,0.463312,0.513198,280.279927,0.020879,0.043217,4,0.001742,0,1,0.375,0.215472,198
82,Hamburger SV,,1-bundesliga,Germany,2000,wintertransfers,2000-01-01,2020-06-01,0,0,,56,52,108,220223160,251470365,471693525,4,0.490022,0.548265,1047.012658,0.056333,0.067638,2,0.002516,0,1,0.309091,0.409918,459
84,SC Freiburg,,1-bundesliga,Germany,2000,wintertransfers,2000-01-01,2020-06-01,0,0,,36,32,68,65137505,140463426,205600931,4,0.420952,0.467195,452.894427,0.024111,0.027045,2,0.001957,0,1,0.365419,0.182803,205
86,1. FC Köln,,1-bundesliga,Germany,2000,wintertransfers,2000-01-01,2020-06-01,0,0,,34,23,57,104541775,96333122,200874897,4,0.436759,0.479638,234.625971,0.038097,0.024417,2,0.001605,0,1,0.387097,0.209865,180
88,SpVgg Unterhaching,,1-bundesliga,Germany,2000,wintertransfers,2000-01-01,2020-06-01,0,0,,4,7,11,1586835,2813850,4400685,4,0.355878,0.38273,13.718931,0.002032,0.003925,2,0.000998,0,1,0.583333,0.026245,21
89,CS Sedan-Ardennes,,ligue-1,France,2000,wintertransfers,2000-01-01,2020-06-01,0,0,,0,16,16,0,32344350,32344350,4,0.41573,0.457958,0,0,0.013857,4,0.001271,0,34,0.419048,0.06018,44
90,FC Hansa Rostock,,1-bundesliga,Germany,2000,wintertransfers,2000-01-01,2020-06-01,0,0,,11,6,17,4494732,7698851,12193583,5,0.354735,0.379487,39.528036,0.007827,0.005043,2,0.001055,0,1,0.490909,0.042477,27
91,VfB Stuttgart,,1-bundesliga,Germany,2000,wintertransfers,2000-01-01,2020-06-01,0,0,,44,50,94,123695785,286814683,410510468,4,0.478355,0.532051,1037.588886,0.055495,0.058181,2,0.002364,0,1,0.31448,0.380315,417
93,VfL Bochum,,1-bundesliga,Germany,2000,wintertransfers,2000-01-01,2020-06-01,0,0,,12,20,32,9370419,37257718,46628137,4,0.394643,0.435143,91.620044,0.010063,0.016455,2,0.001321,0,1,0.538095,0.095124,113
94,Eintracht Frankfurt,,1-bundesliga,Germany,2000,wintertransfers,2000-01-01,2020-06-01,0,0,,44,19,63,85664042,150316204,235980246,4,0.424184,0.46267,281.769677,0.047233,0.02243,1,0.001915,0,1,0.355856,0.221105,237
98,Eintracht Braunschweig,,1-bundesliga,Germany,2000,wintertransfers,2000-01-01,2020-06-01,0,0,,1,7,8,533884,8849568,9383452,5,0.349684,0.378356,0.299825,0.000302,0.005538,2,0.000906,0,1,0.809524,0.025668,17
99,MSV Duisburg,,1-bundesliga,Germany,2000,wintertransfers,2000-01-01,2020-06-01,0,0,,3,8,11,1559221,8092182,9651403,4,0.373942,0.403846,7.337567,0.001785,0.006452,2,0.000995,0,1,0.644444,0.030761,29
100,SV Werder Bremen,,1-bundesliga,Germany,2000,wintertransfers,2000-01-01,2020-06-01,0,0,,49,30,79,151719285,230556996,382276281,4,0.45567,0.500377,625.630322,0.059058,0.039814,2,0.002121,0,1,0.307317,0.274007,252
101,FC Schalke 04,,1-bundesliga,Germany,2000,wintertransfers,2000-01-01,2020-06-01,0,0,,51,37,88,296191270,267379819,563571089,4,0.477322,0.525641,995.317886,0.052232,0.039752,2,0.002407,0,1,0.318182,0.292019,315
104,Hertha BSC,,1-bundesliga,Germany,2000,wintertransfers,2000-01-01,2020-06-01,0,0,,28,28,56,145354227,137226678,282580905,4,0.437624,0.485671,301.81185,0.028546,0.026789,2,0.001657,0,1,0.377016,0.188499,187
105,FC Energie Cottbus,,1-bundesliga,Germany,2000,wintertransfers,2000-01-01,2020-06-01,0,0,,6,11,17,1952554,16888059,18840613,4,0.386364,0.418552,15.418094,0.005523,0.012119,2,0.000921,0,1,0.709091,0.065671,39
107,AS Roma,,serie-a,Italy,2000,wintertransfers,2000-01-01,2020-06-01,0,0,,96,87,183,900631209,956392014,1857023223,4,0.511574,0.574284,2105.029015,0.237979,0.229603,3,0.002822,0,1,0.305092,0.811075,695
109,Brescia Calcio,,serie-a,Italy,2000,wintertransfers,2000-01-01,2020-06-01,0,0,,12,27,39,32000954,133185900,165186854,4,0.425819,0.473228,349.574476,0.017903,0.089126,3,0.001619,0,1,0.478632,0.233037,168
110,AC Parma,,serie-a,Italy,2000,wintertransfers,2000-01-01,2020-06-01,0,0,,20,20,40,272319975,458241200,730561175,4,0.406998,0.443816,347.870412,0.050566,0.050831,3,0.001639,0,1,0.356725,0.194805,61
112,SS Lazio,,serie-a,Italy,2000,wintertransfers,2000-01-01,2020-06-01,0,0,,61,46,107,551758481,608537554,1160296035,4,0.471215,0.529035,971.553044,0.162183,0.114811,3,0.00223,0,1,0.312458,0.544417,464
113,Hellas Verona,,serie-a,Italy,2000,wintertransfers,2000-01-01,2020-06-01,0,0,,24,27,51,36746943,155155104,191902047,5,0.408503,0.451885,79.013595,0.064655,0.076223,3,0.001353,0,1,0.569801,0.244763,200
117,Udinese Calcio,,serie-a,Italy,2000,wintertransfers,2000-01-01,2020-06-01,0,0,,59,75,134,181335497,571575491,752910988,4,0.487859,0.546757,1394.468558,0.119039,0.230495,3,0.002766,0,1,0.235589,0.653913,376
118,AC Fiorentina,,serie-a,Italy,2000,wintertransfers,2000-01-01,2020-06-01,0,0,,0,5,5,0,151230594,151230594,4,0.384749,0.411787,0,0,0.011945,3,0.00071,0,46,0.3,0.034033,3
119,Atalanta BC,,serie-a,Italy,2000,wintertransfers,2000-01-01,2020-06-01,0,0,,49,58,107,197168405,460413171,657581576,4,0.460417,0.516591,532.999827,0.144808,0.181862,3,0.001648,0,1,0.44127,0.48221,278
120,AC Perugia,,serie-a,Italy,2000,wintertransfers,2000-01-01,2020-06-01,0,0,,4,4,8,17934785,53525416,71460201,5,0.355878,0.382278,0.289655,0.009126,0.016575,3,0.000704,0,1,0.9,0.051296,9
122,Milan AC,,serie-a,Italy,2000,wintertransfers,2000-01-01,2020-06-01,0,0,,15,16,31,289729131,121088087,410817218,5,0.393939,0.432278,59.344583,0.035117,0.036315,3,0.001255,0,1,0.397661,0.142021,68
123,FC Internazionale,,serie-a,Italy,2000,wintertransfers,2000-01-01,2020-06-01,0,0,,70,59,129,810351713,664312638,1474664351,4,0.478355,0.535822,1259.540423,0.173565,0.151667,3,0.002212,0,1,0.365714,0.571233,448
124,US Lecce,,serie-a,Italy,2000,wintertransfers,2000-01-01,2020-06-01,0,0,,7,22,29,12891172,90879192,103770364,4,0.420952,0.462293,73.065277,0.014101,0.072649,3,0.00118,0,1,0.642105,0.184125,122
125,Bologna FC 1909,,serie-a,Italy,2000,wintertransfers,2000-01-01,2020-06-01,0,0,,55,42,97,189980642,175239223,365219865,4,0.432485,0.488688,362.674211,0.160679,0.115891,3,0.001742,0,1,0.463964,0.446538,309
126,Reggina Calcio,,serie-a,Italy,2000,wintertransfers,2000-01-01,2020-06-01,0,0,,8,16,24,19321835,71850575,91172410,4,0.424184,0.464932,84.068828,0.021502,0.043833,3,0.001167,0,1,0.555556,0.130819,95
128,Vicenza Calcio,,serie-a,Italy,2000,wintertransfers,2000-01-01,2020-06-01,0,0,,0,24,24,0,53154427,53154427,5,0.414953,0.467868,0,0,0.070559,3,0.001107,0,51,0.757143,0.162833,159
129,SSC Napoli,,serie-a,Italy,2000,wintertransfers,2000-01-01,2020-06-01,0,0,,74,41,115,693717490,446571201,1140288691,4,0.460417,0.516968,712.885979,0.193669,0.107311,3,0.002116,0,1,0.353411,0.546761,487
130,AS Bari,,serie-a,Italy,2000,wintertransfers,2000-01-01,2020-06-01,0,0,,8,19,27,27011685,86229396,113241081,5,0.40255,0.446983,44.073224,0.037234,0.058055,3,0.001161,0,1,0.725,0.157159,87
132,FC Girondins Bordeaux,,ligue-1,France,2000,wintertransfers,2000-01-01,2020-06-01,0,0,,37,47,84,188624144,332343413,520967557,4,0.477322,0.538084,1092.914759,0.038043,0.070078,4,0.002452,0,1,0.305051,0.381529,453
133,AS Monaco,,ligue-1,France,2000,wintertransfers,2000-01-01,2020-06-01,0,0,,67,82,149,745239293,1186948799,1932188092,4,0.522459,0.587104,1962.771034,0.097467,0.127482,1,0.002955,0,1,0.257143,0.604346,621
134,Olympique Marseille,,ligue-1,France,2000,wintertransfers,2000-01-01,2020-06-01,0,0,,77,61,138,463920136,480000486,943920622,3,0.504566,0.566365,1320.876006,0.09153,0.080431,4,0.002725,0,1,0.319408,0.517639,604
137,Stade Rennais FC,,ligue-1,France,2000,wintertransfers,2000-01-01,2020-06-01,0,0,,60,59,119,260689975,354715861,615405836,4,0.481481,0.542609,904.29083,0.06622,0.06462,4,0.002391,0,1,0.291353,0.433397,465
138,Paris Saint-Germain,,ligue-1,France,2000,wintertransfers,2000-01-01,2020-06-01,0,0,,72,60,132,1462763100,583993038,2046756138,3,0.509217,0.567873,1510.733389,0.12977,0.083029,1,0.002833,0,1,0.31049,0.603335,666
139,FC Sochaux-Montbéliard,,ligue-1,France,2000,wintertransfers,2000-01-01,2020-06-01,0,0,,15,31,46,24387746,128334551,152722297,4,0.454733,0.50264,206.686394,0.020515,0.032271,4,0.001531,0,1,0.417989,0.180727,158
140,FC Toulouse,,ligue-1,France,2000,wintertransfers,2000-01-01,2020-06-01,0,0,,28,26,54,86396658,168840925,255237583,4,0.454733,0.499623,778.335821,0.025643,0.036654,4,0.001845,0,1,0.321008,0.207336,191
141,SC Bastia,,ligue-1,France,2000,wintertransfers,2000-01-01,2020-06-01,0,0,,3,20,23,3520852,65195046,68715898,4,0.412313,0.45362,13.37977,0.003527,0.019193,4,0.001142,0,1,0.647059,0.111319,88
142,AS Saint-Étienne,,ligue-1,France,2000,wintertransfers,2000-01-01,2020-06-01,0,0,,51,37,88,161605361,219337277,380942638,4,0.474249,0.525264,1238.916405,0.059682,0.0501,4,0.002777,0,1,0.281621,0.353109,403
143,RC Strasbourg Alsace,,ligue-1,France,2000,wintertransfers,2000-01-01,2020-06-01,0,0,,17,28,45,32201780,104395533,136597313,4,0.441118,0.482655,229.704073,0.012245,0.039462,4,0.001519,0,1,0.343915,0.200025,130
144,AC Le Havre,,ligue-1,France,2000,wintertransfers,2000-01-01,2020-06-01,0,0,,1,23,24,457829,69363041,69820870,4,0.428295,0.470965,3.177906,0.000737,0.03156,4,0.001105,0,1,0.566667,0.133288,68
145,EA Guingamp,,ligue-1,France,2000,wintertransfers,2000-01-01,2020-06-01,0,0,,6,20,26,6309688,68979667,75289355,4,0.423372,0.464555,58.407557,0.001728,0.017962,4,0.001384,0,1,0.326316,0.097182,62
146,FC Nantes,,ligue-1,France,2000,wintertransfers,2000-01-01,2020-06-01,0,0,,16,33,49,34463047,167633268,202096315,4,0.45567,0.505279,183.202103,0.022462,0.04805,4,0.001682,0,1,0.359664,0.245,214
147,Olympique Lyon,,ligue-1,France,2000,wintertransfers,2000-01-01,2020-06-01,0,0,,65,73,138,589968681,826272289,1416240970,4,0.515152,0.573529,1150.841975,0.091609,0.122974,4,0.002466,0,1,0.32671,0.585668,559
148,HSC Montpellier,,ligue-1,France,2000,wintertransfers,2000-01-01,2020-06-01,0,0,,20,31,51,50589537,178299843,228889380,4,0.452869,0.5,483.041334,0.017197,0.04336,4,0.001916,0,1,0.294118,0.208915,165
151,LOSC Lille,,ligue-1,France,2000,wintertransfers,2000-01-01,2020-06-01,0,0,,45,57,102,184364977,563011290,747376267,4,0.482533,0.538462,777.125957,0.054686,0.079902,4,0.002267,0,1,0.315988,0.457187,419
152,ES Troyes AC,,ligue-1,France,2000,wintertransfers,2000-01-01,2020-06-01,0,0,,3,20,23,4551820,50144066,54695886,4,0.422562,0.464178,45.196099,0.001595,0.018917,4,0.001258,0,1,0.551471,0.095814,75
153,Spartak Moscow,,premier-liga,Russia,2000,wintertransfers,2000-01-01,2020-06-01,0,0,,43,35,78,164132870,129652175,293785045,4,0.45102,0.503017,2261.230607,0.029424,0.023575,5,0.00319,0,1,0.212766,0.210344,230
155,Lokomotiv Moscow,,premier-liga,Russia,2000,wintertransfers,2000-01-01,2020-06-01,0,0,,47,33,80,192380013,111929459,304309472,5,0.413084,0.467345,1652.059115,0.037384,0.016643,5,0.002963,0,1,0.223171,0.20523,183
156,Krylya Sovetov Samara,,premier-liga,Russia,2000,wintertransfers,2000-01-01,2020-06-01,0,0,,21,19,40,22850410,31564886,54415296,4,0.36289,0.395928,441.354872,0.005515,0.008573,5,0.002366,0,1,0.373684,0.068637,71
160,Zenit St. Petersburg,,premier-liga,Russia,2000,wintertransfers,2000-01-01,2020-06-01,0,0,,46,33,79,364245673,202430192,566675865,4,0.473233,0.517722,2184.558165,0.038681,0.027349,5,0.002811,0,1,0.253659,0.227715,208
162,Torpedo Moscow,,premier-liga,Russia,2000,wintertransfers,2000-01-01,2020-06-01,0,0,,7,12,19,5535188,21827110,27362298,4,0.354735,0.389894,311.500803,0.001263,0.004845,5,0.001501,0,1,0.575758,0.029568,38
165,Saturn Ramenskoe,,premier-liga,Russia,2000,wintertransfers,2000-01-01,2020-06-01,0,0,,16,8,24,16524937,8412365,24937302,5,0.343701,0.371719,73.448506,0.006049,0.003383,5,0.001164,0,1,0.490909,0.04455,27
166,CSKA Moscow,,premier-liga,Russia,2000,wintertransfers,2000-01-01,2020-06-01,0,0,,21,21,42,62485979,174699438,237185417,4,0.442886,0.483786,1714.497634,0.005435,0.027577,5,0.003767,0,1,0.187097,0.12091,87
168,Chernomorets Novorossijsk,,premier-liga,Russia,2000,wintertransfers,2000-01-01,2020-06-01,0,0,,1,4,5,127317,2694470,2821787,5,0.355096,0.379073,446,0,0.002239,5,0.002199,0,67,0.2,0.011675,2
169,Sokol Saratov,,premier-liga,Russia,2000,wintertransfers,2000-01-01,2020-06-01,0,0,,1,1,2,83931,127317,211248,6,0.262911,0.273735,224,0,0,5,0.002347,0,68,0,0.000462,0
170,Dinamo Moscow,,premier-liga,Russia,2000,wintertransfers,2000-01-01,2020-06-01,0,0,,42,29,71,210029714,139178564,349208278,4,0.427466,0.466063,1377.779078,0.022218,0.022014,5,0.002865,0,1,0.257576,0.187739,136
172,Rotor Volgograd,,premier-liga,Russia,2000,wintertransfers,2000-01-01,2020-06-01,0,0,,0,3,3,0,3631498,3631498,5,0.335347,0.357432,0,0,0.000702,5,0.000882,0,70,0,0.005523,0
174,Rostselmash Rostov,,premier-liga,Russia,2000,wintertransfers,2000-01-01,2020-06-01,0,0,,1,1,2,25825,968446,994271,5,0.307906,0.321772,4.165307,0.000045,0.000109,5,0.001041,0,66,0,0.002243,0
176,Spartak Vladikavkaz,,premier-liga,Russia,2000,wintertransfers,2000-01-01,2020-06-01,0,0,,5,7,12,4871783,5087103,9958886,5,0.343701,0.370739,9.046449,0.001051,0.002162,5,0.001132,0,1,0.666667,0.020124,24
179,Anzhi Makhachkala,,premier-liga,Russia,2000,wintertransfers,2000-01-01,2020-06-01,0,0,,14,27,41,98542415,210124965,308667380,4,0.410781,0.453997,342.310709,0.005701,0.014062,5,0.001942,0,1,0.347368,0.0875,66
180,Torpedo-ZiL Moskau,,premier-liga,Russia,2000,wintertransfers,2000-01-01,2020-06-01,0,0,,2,2,4,447419,154950,602369,5,0.307371,0.320965,0.743928,0.000889,0.000219,5,0.000706,0,1,0,0.007046,0
181,Fakel Voronezh,,premier-liga,Russia,2000,wintertransfers,2000-01-01,2020-06-01,0,0,,0,1,1,0,83931,83931,7,0.208914,0.216413,0,0,0,5,0.001633,0,75,0,0.000152,0
185,Nîmes Olympique,,ligue-1,France,2000,sommertransfers,2000-06-01,2020-06-01,0,0,,5,9,14,8495538,23753213,32248751,4,0.378425,0.408371,25.948095,0.008888,0.004922,4,0.000991,0,1,0.444444,0.043938,20
186,Hull City,,premier-league,England,2000,sommertransfers,2000-06-01,2020-06-01,0,0,,27,18,45,136736817,162864722,299601539,4,0.377778,0.418552,122.460424,0.028929,0.017474,0,0.001714,0,1,0.427586,0.184448,186
198,Crystal Palace,,premier-league,England,2000,sommertransfers,2000-06-01,2020-06-01,0,0,,31,20,51,221872429,162155802,384028231,4,0.409259,0.449095,347.027676,0.034891,0.022242,0,0.001607,0,1,0.433468,0.218444,215
207,Atlético Madrid,,laliga,Spain,2000,sommertransfers,2000-06-01,2020-06-01,0,0,,62,55,117,818721845,944992871,1763714716,4,0.497748,0.558069,1117.408742,0.081048,0.090532,1,0.002483,0,1,0.323935,0.464467,517
213,Sheffield United,,premier-league,England,2000,sommertransfers,2000-06-01,2020-06-01,0,0,,9,18,27,48753845,65827406,114581251,5,0.382353,0.422097,37.386258,0.005787,0.02047,0,0.001136,0,1,0.551471,0.106793,75
217,Birmingham City,,premier-league,England,2000,sommertransfers,2000-06-01,2020-06-01,0,0,,30,26,56,133514528,149405577,282920105,4,0.405505,0.451357,143.342378,0.039059,0.022561,0,0.001666,0,1,0.443697,0.237855,264
220,Real Betis Balompié,,laliga,Spain,2000,sommertransfers,2000-06-01,2020-06-01,0,0,,39,25,64,228522462,219651793,448174255,4,0.443775,0.492459,407.666494,0.048992,0.041671,1,0.002059,0,1,0.326829,0.231342,268
223,Levante UD,,laliga,Spain,2000,sommertransfers,2000-06-01,2020-06-01,0,0,,29,22,51,35858860,96291262,132150122,4,0.416981,0.461916,639.536358,0.020437,0.020173,1,0.002646,0,1,0.210084,0.135109,125
224,CD Leganés,,laliga,Spain,2000,sommertransfers,2000-06-01,2020-06-01,0,0,,11,5,16,27140987,53676371,80817358,4,0.365894,0.392534,17.648967,0.021342,0.005691,1,0.00096,0,1,0.409091,0.078752,27
231,CD Tenerife,,laliga,Spain,2000,sommertransfers,2000-06-01,2020-06-01,0,0,,0,6,6,0,35580346,35580346,4,0.382759,0.412538,0,0,0.007278,1,0.000798,0,117,0.666667,0.029542,10
234,Sevilla FC,,laliga,Spain,2000,sommertransfers,2000-06-01,2020-06-01,0,0,,73,58,131,535377461,752782935,1288160396,4,0.490022,0.547888,1482.672248,0.103899,0.120636,1,0.003208,0,1,0.270641,0.575121,731
235,Sporting Gijón,,laliga,Spain,2000,sommertransfers,2000-06-01,2020-06-01,0,0,,6,14,20,2770769,42797885,45568654,4,0.420952,0.460784,75.695268,0.004589,0.017033,1,0.001299,0,1,0.320261,0.076214,49
237,UC Sampdoria,,serie-a,Italy,2000,sommertransfers,2000-06-01,2020-06-01,0,0,,78,54,132,334357828,412614389,746972217,4,0.464286,0.524133,850.433021,0.207132,0.139563,3,0.002312,0,1,0.330317,0.621038,438
250,Karlsruher SC,,1-bundesliga,Germany,2000,sommertransfers,2000-06-01,2020-06-01,0,0,,4,17,21,2430680,25448053,27878733,5,0.383016,0.423228,7.816931,0.002509,0.011585,2,0.001037,0,1,0.802198,0.06952,73
252,SC Paderborn 07,,1-bundesliga,Germany,2000,sommertransfers,2000-06-01,2020-06-01,0,0,,5,7,12,1787261,6484060,8271321,4,0.356452,0.383484,57.397546,0.002005,0.00356,2,0.00108,0,1,0.345455,0.030365,19
256,Borussia Mönchengladbach,,1-bundesliga,Germany,2000,sommertransfers,2000-06-01,2020-06-01,0,0,,32,22,54,178943085,223890032,402833117,4,0.413858,0.455882,257.22909,0.031435,0.025334,2,0.001588,0,1,0.356989,0.198636,166
257,FC St. Pauli,,1-bundesliga,Germany,2000,sommertransfers,2000-06-01,2020-06-01,0,0,,2,7,9,2137036,6696179,8833215,4,0.364686,0.393665,9.236817,0.000596,0.004257,2,0.00101,0,1,0.361111,0.023443,13
262,Arminia Bielefeld,,1-bundesliga,Germany,2000,sommertransfers,2000-06-01,2020-06-01,0,0,,11,13,24,7654098,19864565,27518663,4,0.390459,0.423077,32.289427,0.003895,0.012637,2,0.001359,0,1,0.575163,0.074612,88
265,Hannover 96,,1-bundesliga,Germany,2000,sommertransfers,2000-06-01,2020-06-01,0,0,,39,25,64,95393535,89555933,184949468,4,0.435039,0.480392,663.973611,0.028591,0.023557,2,0.002178,0,1,0.335366,0.201271,275
271,FC Ingolstadt 04,,1-bundesliga,Germany,2000,sommertransfers,2000-06-01,2020-06-01,0,0,,4,12,16,7343552,31014300,38357852,4,0.372054,0.403469,18.489673,0.004233,0.008377,2,0.000993,0,1,0.418182,0.056874,23
275,1.FC Nuremberg,,1-bundesliga,Germany,2000,sommertransfers,2000-06-01,2020-06-01,0,0,,11,33,44,12116896,97559520,109676416,4,0.432485,0.47813,118.274508,0.01385,0.02537,2,0.001337,0,1,0.450593,0.154805,114
283,FC Augsburg,,1-bundesliga,Germany,2000,sommertransfers,2000-06-01,2020-06-01,0,0,,27,15,42,61358147,57926049,119284196,4,0.405505,0.446078,376.650412,0.021553,0.015036,2,0.00161,0,1,0.494709,0.146453,187
286,SpVgg Greuther Fürth,,1-bundesliga,Germany,2000,sommertransfers,2000-06-01,2020-06-01,0,0,,3,20,23,1083835,25669700,26753535,4,0.380379,0.417421,10.390478,0.003046,0.01471,2,0.000991,0,1,0.820513,0.079548,64
295,Cagliari Calcio,,serie-a,Italy,2000,sommertransfers,2000-06-01,2020-06-01,0,0,,38,29,67,111291448,142050173,253341621,5,0.413858,0.463575,166.060403,0.10759,0.091345,3,0.001818,0,1,0.47395,0.380029,282
297,FC Empoli,,serie-a,Italy,2000,sommertransfers,2000-06-01,2020-06-01,0,0,,13,38,51,24711153,208166055,232877208,5,0.428295,0.479035,93.496009,0.043178,0.121076,3,0.001384,0,1,0.482213,0.27914,122
301,AC Venezia 1907,,serie-a,Italy,2000,sommertransfers,2000-06-01,2020-06-01,0,0,,2,4,6,8393198,4641074,13034272,4,0.377778,0.403469,7.071343,0.003267,0.008405,1,0.000888,0,1,0.266667,0.034431,4
308,Torino Calcio,,serie-a,Italy,2000,sommertransfers,2000-06-01,2020-06-01,0,0,,4,1,5,11136348,329219,11465567,5,0.324047,0.34095,0.835967,0.007192,0.00349,3,0.000797,0,1,0.5,0.018923,3
317,AS Nancy-Lorraine,,ligue-1,France,2000,sommertransfers,2000-06-01,2020-06-01,0,0,,17,24,41,29197198,65906936,95104134,4,0.433333,0.476244,267.671097,0.013542,0.025884,4,0.001807,0,1,0.344729,0.136233,121
321,OGC Nice,,ligue-1,France,2000,sommertransfers,2000-06-01,2020-06-01,0,0,,45,39,84,134602457,247976865,382579322,4,0.466245,0.523379,613.229422,0.051926,0.052038,4,0.002055,0,1,0.344609,0.330978,326
325,AC Ajaccio,,ligue-1,France,2000,sommertransfers,2000-06-01,2020-06-01,0,0,,2,3,5,831426,4742986,5574412,5,0.348031,0.370965,0.764582,0.001948,0.001217,4,0.000785,0,1,0.7,0.018927,7
326,SM Caen,,ligue-1,France,2000,sommertransfers,2000-06-01,2020-06-01,0,0,,18,24,42,31692874,76863804,108556678,4,0.442886,0.488311,202.364046,0.0135,0.028936,4,0.001589,0,1,0.381766,0.138239,134
334,Le Mans Union Club 72,,ligue-1,France,2000,sommertransfers,2000-06-01,2020-06-01,0,0,,5,13,18,10228609,61994093,72222702,4,0.423372,0.458899,80.950931,0.007479,0.018445,4,0.001021,0,1,0.52381,0.098181,55
344,Shinnik Yaroslavl,,premier-liga,Russia,2000,sommertransfers,2000-06-01,2020-06-01,0,0,,6,10,16,1929823,5823671,7753494,5,0.332331,0.361538,287.522266,0.002035,0.00295,5,0.001243,0,1,0.466667,0.031391,21
356,Portsmouth FC,,premier-league,England,2001,wintertransfers,2001-01-01,2020-06-01,0,0,,26,24,50,122709965,182771737,305481702,4,0.435897,0.480392,81.370623,0.040209,0.040927,0,0.001313,0,1,0.494709,0.255575,187
360,FC Lorient,,ligue-1,France,2001,wintertransfers,2001-01-01,2020-06-01,0,0,,27,27,54,53880457,166062677,219943134,4,0.429961,0.473228,161.878509,0.025596,0.031843,4,0.00177,0,1,0.432258,0.195856,201
361,Fulham FC,,premier-league,England,2001,wintertransfers,2001-01-01,2020-06-01,0,0,,52,31,83,316767809,187993928,504761737,4,0.429126,0.47813,415.236697,0.078182,0.036186,0,0.001949,0,1,0.36715,0.39819,380
379,Piacenza FC,,serie-a,Italy,2001,wintertransfers,2001-01-01,2020-06-01,0,0,,3,14,17,5268345,40249552,45517897,5,0.404022,0.44359,10.257427,0.004202,0.039322,3,0.000928,0,1,0.659341,0.109792,60
380,Chievo Verona,,serie-a,Italy,2001,wintertransfers,2001-01-01,2020-06-01,0,0,,44,37,81,60584260,143140748,203725008,4,0.432485,0.480015,207.895167,0.100522,0.126837,3,0.00186,0,1,0.422475,0.380477,297
400,Uralan Elista,,premier-liga,Russia,2001,wintertransfers,2001-01-01,2020-06-01,0,0,,0,1,1,0,1890209,1890209,5,0.267148,0.28033,0,0,0.000111,5,0.000643,0,263,0,0.001288,0
411,Queens Park Rangers,,premier-league,England,2001,sommertransfers,2001-06-01,2020-06-01,0,0,,21,14,35,126133326,82186755,208320081,5,0.393939,0.436425,152.294818,0.026537,0.01172,0,0.001478,0,1,0.45584,0.15207,160
424,Wigan Athletic,,premier-league,England,2001,sommertransfers,2001-06-01,2020-06-01,0,0,,28,24,52,115926851,167700731,283627582,4,0.411546,0.455882,141.736661,0.022113,0.029788,0,0.001587,0,1,0.448276,0.200483,195
431,Cádiz CF,,laliga,Spain,2001,sommertransfers,2001-06-01,2020-06-01,0,0,,0,4,4,0,11886082,11886082,5,0.339969,0.365165,0,0,0.00218,1,0.000806,0,53,0.666667,0.011044,4
445,Alemannia Aachen,,1-bundesliga,Germany,2001,sommertransfers,2001-06-01,2020-06-01,0,0,,1,8,9,1081490,11185154,12266644,5,0.372054,0.402112,1.029056,0.000418,0.006075,2,0.000914,0,1,0.5,0.029498,14
462,Ancona Calcio,,serie-a,Italy,2001,sommertransfers,2001-06-01,2020-06-01,0,0,,0,1,1,0,1000727,1000727,5,0.290196,0.303904,0,0,0.001017,3,0.000629,0,321,0,0.002738,0
470,Como Calcio,,serie-a,Italy,2001,sommertransfers,2001-06-01,2020-06-01,0,0,,0,2,2,0,4094194,4094194,5,0.303401,0.321674,0,0,0.00036,0,0.000769,0,330,0,0.003814,0
489,Stade Reims,,ligue-1,France,2001,sommertransfers,2001-06-01,2020-06-01,0,0,,6,10,16,7835186,47357488,55192674,4,0.389085,0.423077,55.211123,0.00335,0.01036,4,0.001279,0,1,0.378788,0.056836,25
501,Watford FC,,premier-league,England,2002,wintertransfers,2002-01-01,2020-06-01,0,0,,32,19,51,243999737,127236379,371236116,4,0.416196,0.456637,217.150971,0.057526,0.020439,0,0.001585,0,1,0.366387,0.240901,218
503,West Bromwich Albion,,premier-league,England,2002,wintertransfers,2002-01-01,2020-06-01,0,0,,40,19,59,224337413,116431638,340769051,4,0.416196,0.462293,229.303894,0.031672,0.020118,0,0.001804,0,1,0.398319,0.199588,237
506,Recreativo Huelva,,laliga,Spain,2002,wintertransfers,2002-01-01,2020-06-01,0,0,,6,9,15,10169307,20542940,30712247,5,0.369565,0.400226,16.241309,0.007806,0.008159,1,0.00098,0,1,0.527273,0.056753,29
513,Modena FC,,serie-a,Italy,2002,wintertransfers,2002-01-01,2020-06-01,0,0,,1,5,6,3780418,5051433,8831851,5,0.36039,0.390691,27.664802,0.000007,0.013961,0,0.001031,0,329,0.4,0.034715,6
521,Rubin Kazan,,premier-liga,Russia,2002,wintertransfers,2002-01-01,2020-06-01,0,0,,52,32,84,196850008,142672102,339522110,4,0.410781,0.452866,1559.447318,0.032602,0.01738,5,0.002961,0,1,0.191463,0.19129,157
528,AS Livorno,,serie-a,Italy,2002,wintertransfers,2002-01-01,2020-06-01,0,0,,11,10,21,15254513,41565611,56820124,4,0.395349,0.43175,57.528961,0.024591,0.02548,3,0.001119,0,1,0.492647,0.119376,67
532,FK Rostov,,premier-liga,Russia,2002,wintertransfers,2002-01-01,2020-06-01,0,0,,22,19,41,15994445,39298896,55293341,4,0.379074,0.412896,418.342529,0.006535,0.011525,5,0.001752,0,1,0.285714,0.065365,30
546,ACD Treviso,,serie-a,Italy,2002,sommertransfers,2002-06-01,2020-06-01,0,0,,0,6,6,0,14398128,14398128,5,0.3552,0.381532,0,0,0.018259,3,0.000674,0,398,0.833333,0.046292,5
549,Swansea City,,premier-league,Wales,2002,sommertransfers,2002-06-01,2020-06-01,0,0,,29,24,53,196623152,314576778,511199930,4,0.434185,0.477753,348.416334,0.041449,0.036748,0,0.001758,0,1,0.375375,0.238006,250
553,Huddersfield Town,,premier-league,England,2002,sommertransfers,2002-06-01,2020-06-01,0,0,,13,6,19,98220109,35438887,133658996,5,0.327893,0.357014,30.813134,0.012157,0.002725,0,0.001128,0,1,0.283333,0.06523,34
562,Granada CF,,laliga,Spain,2002,sommertransfers,2002-06-01,2020-06-01,0,0,,11,20,31,16593792,75807101,92400893,4,0.425819,0.464932,111.967212,0.018069,0.025247,3,0.001328,0,1,0.278947,0.140164,53
564,Xerez CD,,laliga,Spain,2002,sommertransfers,2002-06-01,2020-06-01,0,0,,0,2,2,0,681301,681301,5,0.301221,0.319595,0,0,0.000451,1,0.000761,0,413,1,0.002586,1
570,1.FSV Mainz 05,,1-bundesliga,Germany,2002,sommertransfers,2002-06-01,2020-06-01,0,0,,47,34,81,121644253,218615722,340259975,4,0.432485,0.482655,806.72165,0.04776,0.030391,2,0.002269,0,1,0.275748,0.264533,249
579,SV Darmstadt 98,,1-bundesliga,Germany,2002,sommertransfers,2002-06-01,2020-06-01,0,0,,3,8,11,1838463,10032043,11870506,5,0.375212,0.406259,18.871193,0.001154,0.00688,2,0.000955,0,1,0.577778,0.034804,26
586,Genoa CFC,,serie-a,Italy,2002,sommertransfers,2002-06-01,2020-06-01,0,0,,94,93,187,384464575,611473011,995937586,4,0.476293,0.53356,1578.885923,0.263631,0.305831,3,0.002222,0,1,0.32398,0.839265,381
608,Kuban Krasnodar,,premier-liga,Russia,2002,sommertransfers,2002-06-01,2020-06-01,0,0,,12,18,30,16999480,72578501,89577981,5,0.372681,0.411538,370.5763,0.005033,0.008084,5,0.001712,0,1,0.382353,0.060933,52
617,Wolverhampton Wanderers,,premier-league,England,2003,wintertransfers,2003-01-01,2020-06-01,0,0,,22,14,36,174220059,76829246,251049305,5,0.38704,0.428507,109.334818,0.029522,0.011346,0,0.001337,0,1,0.436667,0.159922,131
618,Real Murcia CF,,laliga,Spain,2003,wintertransfers,2003-01-01,2020-06-01,0,0,,4,5,9,10250631,11791048,22041679,5,0.36772,0.394193,81.106112,0.002018,0.003455,1,0.001276,0,1,0.333333,0.022471,12
619,Albacete Balompié,,laliga,Spain,2003,wintertransfers,2003-01-01,2020-06-01,0,0,,0,6,6,0,12167033,12167033,4,0.385417,0.41479,0,0,0.011368,1,0.000732,0,462,0.5,0.043366,5
627,AC Cesena,,serie-a,Italy,2003,wintertransfers,2003-01-01,2020-06-01,0,0,,15,29,44,21499460,72837037,94336497,5,0.381034,0.423605,274.214593,0.044125,0.083748,3,0.001184,0,1,0.608187,0.213065,104
630,AC Siena,,serie-a,Italy,2003,wintertransfers,2003-01-01,2020-06-01,0,0,,35,28,63,65472360,93821552,159293912,4,0.417769,0.461161,61.76354,0.12817,0.100049,3,0.0012,0,1,0.549784,0.317613,127
637,Spartak-Alania Vladikavkaz,,premier-liga,Russia,2003,wintertransfers,2003-01-01,2020-06-01,0,0,,0,1,1,0,504055,504055,5,0.307906,0.321772,0,0,0.000109,5,0.000666,0,209,0.166667,0.001923,0
642,Torpedo-Metallurg Moskau,,premier-liga,Russia,2003,wintertransfers,2003-01-01,2020-06-01,0,0,,2,1,3,756082,100811,856893,6,0.272167,0.287104,0.1125,0.000617,0.000101,5,0.000731,0,1,1,0.005836,3
646,Amkar Perm,,premier-liga,Russia,2003,wintertransfers,2003-01-01,2020-06-01,0,0,,6,8,14,3389778,12461974,15851752,5,0.33689,0.36267,64.224827,0.000966,0.003996,5,0.001171,0,1,0.638889,0.027377,23
663,SC Amiens,,ligue-1,France,2003,sommertransfers,2003-06-01,2020-06-01,0,0,,5,6,11,12784163,17768500,30552663,4,0.381034,0.410256,74.476051,0.007402,0.004439,4,0.000987,0,1,0.145455,0.042611,8
666,Brighton & Hove Albion,,premier-league,England,2003,sommertransfers,2003-06-01,2020-06-01,0,0,,11,9,20,72221968,28681060,100903028,5,0.383681,0.416063,95.677176,0.009337,0.007907,0,0.001197,0,1,0.227941,0.076619,31
670,Getafe CF,,laliga,Spain,2003,sommertransfers,2003-06-01,2020-06-01,0,0,,33,29,62,108565732,117468919,226034651,4,0.420952,0.465686,273.131867,0.043943,0.037111,1,0.001771,0,1,0.314815,0.215273,119
681,Stoke City,,premier-league,England,2003,sommertransfers,2003-06-01,2020-06-01,0,0,,38,23,61,229795467,113490358,343285825,4,0.414634,0.46003,353.960719,0.039434,0.023375,0,0.001781,0,1,0.352853,0.248211,235
694,US Palermo,,serie-a,Italy,2003,sommertransfers,2003-06-01,2020-06-01,0,0,,53,69,122,210841621,386715448,597557069,4,0.469214,0.530166,654.638106,0.139527,0.220017,3,0.002054,0,1,0.37315,0.581281,353
695,Ascoli Calcio 1898,,serie-a,Italy,2003,sommertransfers,2003-06-01,2020-06-01,0,0,,2,12,14,1115322,13668512,14783834,5,0.355305,0.384012,6.209657,0.005987,0.024148,3,0.000793,0,1,0.785714,0.066586,22
707,Grenoble Foot 38,,ligue-1,France,2003,sommertransfers,2003-06-01,2020-06-01,0,0,,6,4,10,3966687,2482805,6449492,5,0.352472,0.37813,7.35103,0.007157,0.003171,4,0.00084,0,1,0.678571,0.03953,19
715,Burnley FC,,premier-league,England,2004,wintertransfers,2004-01-01,2020-06-01,0,0,,27,11,38,138712018,100000133,238712151,4,0.377133,0.412896,39.011582,0.019294,0.012693,0,0.001279,0,1,0.596838,0.132624,151
721,AC Milan,,serie-a,Italy,2004,wintertransfers,2004-01-01,2020-06-01,0,0,,75,59,134,880892863,585356490,1466249353,4,0.482533,0.541855,820.301553,0.239755,0.172503,3,0.002037,0,1,0.36549,0.694564,466
722,Córdoba CF,,laliga,Spain,2004,wintertransfers,2004-01-01,2020-06-01,0,0,,0,9,9,0,14934308,14934308,4,0.369205,0.400224,0,0,0.005782,1,0.00098,0,551,0.238095,0.027205,5
728,Parma FC,,serie-a,Italy,2004,wintertransfers,2004-01-01,2020-06-01,0,0,,53,50,103,137740590,239127968,376868558,4,0.415414,0.463801,478.293917,0.12747,0.163602,3,0.001581,0,1,0.47395,0.444215,282
730,FC Messina Peloro,,serie-a,Italy,2004,wintertransfers,2004-01-01,2020-06-01,0,0,,1,4,5,600827,3523284,4124111,5,0.355305,0.379638,2.582485,0.001684,0.006158,3,0.000782,0,1,0.1,0.017958,1
731,ACF Fiorentina,,serie-a,Italy,2004,wintertransfers,2004-01-01,2020-06-01,0,0,,76,54,130,476125341,447596972,923722313,4,0.469214,0.527526,847.858368,0.200903,0.150809,3,0.002246,0,1,0.331313,0.643815,492
734,Calcio Catania,,serie-a,Italy,2004,wintertransfers,2004-01-01,2020-06-01,0,0,,14,18,32,28655114,64879525,93534639,5,0.39254,0.434163,205.008617,0.026488,0.048534,3,0.001223,0,1,0.452632,0.140282,86
736,SCO Angers,,ligue-1,France,2004,wintertransfers,2004-01-01,2020-06-01,0,0,,14,11,25,26659366,78815152,105474518,4,0.394643,0.428356,25.882111,0.009318,0.008706,4,0.001207,0,1,0.541667,0.071542,65
738,FC Istres Ouest Provence,,ligue-1,France,2004,wintertransfers,2004-01-01,2020-06-01,0,0,,0,2,2,0,2297825,2297825,5,0.318508,0.337162,0,0,0.001499,1,0.000687,0,562,0,0.006369,0
744,FK Moskau,,premier-liga,Russia,2004,wintertransfers,2004-01-01,2020-06-01,0,0,,14,18,32,19897857,42145323,62043180,4,0.364086,0.397813,251.806139,0.005842,0.007677,5,0.001495,0,1,0.390476,0.060942,41
745,Tom Tomsk,,premier-liga,Russia,2004,wintertransfers,2004-01-01,2020-06-01,0,0,,10,8,18,7056268,10297071,17353339,4,0.345853,0.372172,228.538996,0.002176,0.002697,5,0.001457,0,1,0.454545,0.031032,30
747,Arsenal Tula,,premier-liga,Russia,2004,wintertransfers,2004-01-01,2020-06-01,0,0,,1,1,2,2000000,309873,2309873,5,0.26247,0.276395,1.206847,0.000554,0.000025,5,0.000752,0,1,1,0.002555,1
748,Luch Vladivostok,,premier-liga,Russia,2004,wintertransfers,2004-01-01,2020-06-01,0,0,,0,8,8,0,5207211,5207211,5,0.329866,0.358934,0,0,0.001622,5,0.001013,0,49,0.619048,0.011065,13
757,Terek Grozny,,premier-liga,Russia,2004,wintertransfers,2004-01-01,2020-06-01,0,0,,12,2,14,10349808,2715822,13065630,5,0.284794,0.301508,6.829141,0.006971,0.000249,5,0.001097,0,1,0.361111,0.024749,13
767,Reading FC,,premier-league,England,2004,sommertransfers,2004-06-01,2020-06-01,0,0,,8,16,24,18971812,73689879,92661691,5,0.40625,0.448869,45.195616,0.004276,0.015392,0,0.001181,0,1,0.415205,0.088062,71
774,Elche CF,,laliga,Spain,2004,sommertransfers,2004-06-01,2020-06-01,0,0,,0,8,8,0,27042245,27042245,4,0.393617,0.4253,0,0,0.010292,1,0.000876,0,254,0.357143,0.034637,10
778,UD Almería,,laliga,Spain,2004,sommertransfers,2004-06-01,2020-06-01,0,0,,3,17,20,5425797,49595085,55020882,4,0.409259,0.449095,50.668343,0.000665,0.024232,1,0.001411,0,1,0.366667,0.083785,44
779,Hércules CF,,laliga,Spain,2004,sommertransfers,2004-06-01,2020-06-01,0,0,,2,5,7,5642744,8007809,13650553,4,0.377778,0.403846,4.341241,0.006083,0.003853,5,0.000807,0,1,0.190476,0.033821,4
812,Stade Brest 29,,ligue-1,France,2004,sommertransfers,2004-06-01,2020-06-01,0,0,,12,5,17,14058892,18097646,32156538,4,0.373942,0.399321,7.183788,0.01271,0.004903,4,0.00114,0,1,0.552381,0.068629,58
838,Spartak Nalchik,,premier-liga,Russia,2005,wintertransfers,2005-01-01,2020-06-01,0,0,,0,6,6,0,6960867,6960867,5,0.34472,0.369895,0,0,0.001579,5,0.00099,0,18,0.6,0.011717,6
846,FK Khimki,,premier-liga,Russia,2005,wintertransfers,2005-01-01,2020-06-01,0,0,,5,8,13,1154121,7866330,9020451,5,0.271833,0.294042,19.416755,0.001116,0.00042,5,0.001115,0,1,0.535714,0.013344,15
867,SD Eibar,,laliga,Spain,2005,sommertransfers,2005-06-01,2020-06-01,0,0,,18,11,29,35344364,51107105,86451469,4,0.385017,0.420814,337.270832,0.017791,0.009994,1,0.001642,0,1,0.304348,0.10582,84
876,Gimnàstic de Tarragona,,laliga,Spain,2005,sommertransfers,2005-06-01,2020-06-01,0,0,,0,6,6,0,6457066,6457066,4,0.375,0.405405,0,0,0.006085,1,0.000841,0,139,0.466667,0.026658,7
882,Fortuna Düsseldorf,,1-bundesliga,Germany,2005,sommertransfers,2005-06-01,2020-06-01,0,0,,6,5,11,11308992,15926575,27235567,5,0.357027,0.380241,8.05533,0.006749,0.004005,2,0.0009,0,1,0.555556,0.040034,20
890,Torino FC,,serie-a,Italy,2005,sommertransfers,2005-06-01,2020-06-01,0,0,,55,36,91,229253574,238960531,468214105,4,0.464286,0.514329,352.610398,0.175942,0.094052,3,0.001713,0,1,0.404181,0.495568,348
942,Valenciennes FC,,ligue-1,France,2006,wintertransfers,2006-01-01,2020-06-01,0,0,,18,15,33,20864745,39075956,59940701,4,0.412313,0.450226,56.311443,0.016579,0.018481,4,0.001268,0,1,0.594737,0.132805,113
953,Mordovia Saransk,,premier-liga,Russia,2006,wintertransfers,2006-01-01,2020-06-01,0,0,,1,3,4,23279,711991,735270,5,0.299458,0.31991,2.074823,0.000059,0.000833,5,0.000848,0,1,0.5,0.005493,3
985,Delfino Pescara 1936,,serie-a,Italy,2006,sommertransfers,2006-06-01,2020-06-01,0,0,,15,23,38,25257453,72475591,97733044,4,0.418561,0.460784,19.446852,0.05076,0.078152,3,0.001081,0,1,0.689474,0.210056,131
1074,FC Crotone,,serie-a,Italy,2007,sommertransfers,2007-06-01,2020-06-01,0,0,,6,21,27,3655718,26477180,30132898,5,0.404762,0.446606,66.854154,0.010403,0.069999,3,0.001129,0,1,0.485294,0.164328,66
1095,FCO Dijon,,ligue-1,France,2007,sommertransfers,2007-06-01,2020-06-01,0,0,,14,11,25,23988843,41781762,65770605,5,0.37585,0.408522,119.638225,0.011278,0.006553,4,0.0014,0,1,0.421053,0.079393,72
1107,TSG 1899 Hoffenheim,,1-bundesliga,Germany,2008,wintertransfers,2008-01-01,2020-06-01,0,0,,38,33,71,166112415,327299849,493412264,4,0.45102,0.501131,428.643443,0.034637,0.039958,2,0.002,0,1,0.341026,0.228831,266
1115,Sibir Novosibirsk,,premier-liga,Russia,2008,wintertransfers,2008-01-01,2020-06-01,0,0,,0,3,3,0,2101435,2101435,5,0.301221,0.318168,0,0,0.001442,5,0.000671,0,917,1,0.007366,1
1160,Frosinone Calcio,,serie-a,Italy,2008,sommertransfers,2008-06-01,2020-06-01,0,0,,8,6,14,8217096,7824740,16041836,5,0.349684,0.376848,29.816498,0.020665,0.013566,3,0.000937,0,1,0.327273,0.071351,18
1190,US Boulogne,,ligue-1,France,2009,wintertransfers,2009-01-01,2020-06-01,0,0,,1,5,6,570502,8370815,8941317,5,0.336377,0.363725,7.567648,0.001409,0.001384,4,0.000838,0,1,0.533333,0.01509,8
1193,Ural Yekaterinburg,,premier-liga,Russia,2009,wintertransfers,2009-01-01,2020-06-01,0,0,,4,1,5,894723,435000,1329723,6,0.256381,0.266591,88.955331,0.000926,0.000001,5,0.001161,0,1,0.3,0.007571,3
1251,Novara Calcio 1908,,serie-a,Italy,2010,wintertransfers,2010-01-01,2020-06-01,0,0,,6,9,15,5196896,15854436,21051332,5,0.359935,0.391327,8.470301,0.009011,0.021505,3,0.000855,0,1,0.555556,0.066436,20
1260,Athlétic Club Arlésien,,ligue-1,France,2010,wintertransfers,2010-01-01,2020-06-01,0,0,,0,0,0,0,0,0,0,0,0,0,0,0,6,0.000585,1,1058,0,0,0
1265,FK Krasnodar,,premier-liga,Russia,2010,wintertransfers,2010-01-01,2020-06-01,0,0,,21,12,33,59758850,47198008,106956858,4,0.385017,0.421946,316.985488,0.014347,0.005313,5,0.001991,0,1,0.359307,0.072028,83
1272,Volga Nizhniy Novgorod,,premier-liga,Russia,2010,wintertransfers,2010-01-01,2020-06-01,0,0,,0,4,4,0,6101982,6101982,5,0.318052,0.342192,0,0,0.001266,5,0.000796,0,92,1,0.007257,6
1285,SD Huesca,,laliga,Spain,2010,sommertransfers,2010-06-01,2020-06-01,0,0,,1,5,6,1014456,10711075,11725531,5,0.344186,0.369294,2.241347,0.000116,0.002595,1,0.000902,0,138,0.666667,0.013336,10
1339,FC Évian Thonon Gaillard,,ligue-1,France,2011,wintertransfers,2011-01-01,2020-06-01,0,0,,4,9,13,3580391,17191023,20771414,4,0.395349,0.428356,48.769367,0.008914,0.005771,4,0.001016,0,1,0.272727,0.049286,15
1348,Gazovik Orenburg,,premier-liga,Russia,2011,wintertransfers,2011-01-01,2020-06-01,0,0,,0,0,0,0,0,0,0,0,0,0,0,0,7,0.000585,2,1142,0,0,0
1349,FK Ufa,,premier-liga,Russia,2011,wintertransfers,2011-01-01,2020-06-01,0,0,,3,8,11,769544,18088826,18858370,4,0.370184,0.400075,61.742513,0.000766,0.005658,5,0.001178,0,1,0.5,0.030481,18
1351,FK Tambov,,premier-liga,Russia,2011,wintertransfers,2011-01-01,2020-06-01,0,0,,0,3,3,0,775000,775000,5,0.317143,0.334535,0,0,0.000372,5,0.000716,0,1144,0,0.00433,0
1352,FC Sochi,,premier-liga,Russia,2011,wintertransfers,2011-01-01,2020-06-01,0,0,,7,0,7,12100000,0,12100000,0,0,0,0,0.003316,0,5,0.000802,0,0,0,0.021274,0
1362,RB Leipzig,,1-bundesliga,Germany,2011,sommertransfers,2011-06-01,2020-06-01,0,0,,8,8,16,101181773,127034171,228215944,4,0.389085,0.421946,19.798444,0.009101,0.010383,1,0.000973,0,1,0.371795,0.072103,29
1370,1.FC Union Berlin,,1-bundesliga,Germany,2011,sommertransfers,2011-06-01,2020-06-01,0,0,,3,4,7,4500000,9737293,14237293,5,0.356452,0.379864,1.510662,0.001025,0.003576,2,0.000801,0,1,0.8,0.016946,8
1438,US Sassuolo,,serie-a,Italy,2012,sommertransfers,2012-06-01,2020-06-01,0,0,,41,24,65,201941169,162396810,364337979,5,0.404762,0.451131,115.539463,0.153277,0.081604,3,0.001329,0,1,0.560847,0.390364,212
1442,Carpi FC 1909,,serie-a,Italy,2012,sommertransfers,2012-06-01,2020-06-01,0,0,,0,6,6,0,10355522,10355522,5,0.338931,0.364414,0,0,0.004305,3,0.000779,0,1231,0.5,0.016036,3
1472,Enisey Krasnoyarsk,,premier-liga,Russia,2012,sommertransfers,2012-06-01,2020-06-01,0,0,,0,5,5,0,1432627,1432627,5,0.3,0.323198,0,0,0.000473,5,0.001068,0,1261,0.3,0.003925,3
1497,Girona FC,,laliga,Spain,2013,sommertransfers,2013-06-01,2020-06-01,0,0,,4,5,9,17368766,25330283,42699049,5,0.3536,0.378733,7.939877,0.00234,0.006683,1,0.000881,0,1,0.190476,0.038848,4
1554,Inter Milan,,serie-a,Italy,2014,wintertransfers,2014-01-01,2020-06-01,0,0,,33,39,72,537470930,279385129,816856059,4,0.442,0.490573,462.965219,0.078588,0.111808,3,0.001571,0,1,0.34958,0.355088,208
1611,AFC Bournemouth,,premier-league,England,2015,wintertransfers,2015-01-01,2020-06-01,0,0,,19,4,23,225135823,46993719,272129542,5,0.337405,0.363047,65.589423,0.018016,0.002719,0,0.00119,0,1,0.301471,0.090025,41
1619,GFC Ajaccio,,ligue-1,France,2015,wintertransfers,2015-01-01,2020-06-01,0,0,,0,1,1,0,2064057,2064057,5,0.29443,0.30961,0,0,0.000839,0,0.000627,0,1406,0,0.003309,0
1631,Parma Calcio 1913,,serie-a,Italy,2015,sommertransfers,2015-06-01,2020-06-01,0,0,,11,3,14,19625570,7189569,26815139,5,0.343701,0.368703,7.264828,0.017198,0.009215,3,0.000959,0,1,0.488889,0.063665,22
1659,FK Tosno,,premier-liga,Russia,2015,sommertransfers,2015-06-01,2020-06-01,0,0,,0,2,2,0,1687366,1687366,5,0.330357,0.347748,0,0,0.001224,5,0.00066,0,1445,1,0.006498,1
1676,SPAL 2013,,serie-a,Italy,2016,wintertransfers,2016-01-01,2020-06-01,0,0,,6,1,7,5005336,366662,5371998,5,0.323572,0.340649,0.020011,0.021886,0.005301,3,0.000737,0,1,0.904762,0.055419,19
1680,FK Orenburg,,premier-liga,Russia,2016,wintertransfers,2016-01-01,2020-06-01,0,0,,0,2,2,0,3200000,3200000,5,0.292105,0.306982,0,0,0.001311,5,0.000621,0,241,0.045455,0.006162,0
1713,SKA Khabarovsk,,premier-liga,Russia,2016,sommertransfers,2016-06-01,2020-06-01,0,0,,0,0,0,0,0,0,0,0,0,0,0,0,8,0.000585,3,1263,0,0,0
1725,Benevento Calcio,,serie-a,Italy,2017,wintertransfers,2017-01-01,2020-06-01,0,0,,6,5,11,10609254,8622880,19232134,5,0.343168,0.370437,7.117506,0.008744,0.013308,3,0.000932,0,1,0.464286,0.04115,13
1727,Akhmat Grozny,,premier-liga,Russia,2017,wintertransfers,2017-01-01,2020-06-01,0,0,,3,3,6,755000,6342571,7097571,5,0.343701,0.365158,233.359177,0.000068,0.00157,5,0.001223,0,1,0.2,0.010721,3
1787,SPAL,,serie-a,Italy,2018,wintertransfers,2018-01-01,2020-06-01,0,0,,11,3,14,39297207,31750000,71047207,5,0.346395,0.371116,16.002853,0.023926,0.007382,3,0.000827,0,1,0.571429,0.065266,16
